{"cameraMode":{"drawMode":0,"name":"Shaded","section":"Shading Mode"},"sceneLighting":true,"audioPlay":false,"sceneViewState":{"m_AlwaysRefresh":false,"showFog":true,"showSkybox":true,"showFlares":true,"showImageEffects":true,"showParticleSystems":true,"showVisualEffectGraphs":true,"m_FxEnabled":true},"in2DMode":false,"pivot":{"x":-246.3587646484375,"y":17.359359741210939,"z":-116.24537658691406},"rotation":{"x":0.15734133124351502,"y":0.44649550318717959,"z":-0.07976227253675461,"w":0.8773553371429443},"size":12.12435531616211,"orthographic":false}